{
  "project_info": {
    "project_number": "627869454818",
    "project_id": "discovery-446f8",
    "storage_bucket": "discovery-446f8.appspot.com"
  },
  "client": [
    {
      "client_info": {
        "mobilesdk_app_id": "1:627869454818:android:f1d28fbb17fe8755ca29bb",
        "android_client_info": {
          "package_name": "com.example.discovery"
        }
      },
      "oauth_client": [
        {
          "client_id": "627869454818-2r8crkfh6e626f4cr26ogksr1naufgsg.apps.googleusercontent.com",
          "client_type": 3
        }
      ],
      "api_key": [
        {
          "current_key": "AIzaSyCt_aIySdEbCprUgPAOV0o4c5APg_xFlSg"
        }
      ],
      "services": {
        "appinvite_service": {
          "other_platform_oauth_client": [
            {
              "client_id": "627869454818-2r8crkfh6e626f4cr26ogksr1naufgsg.apps.googleusercontent.com",
              "client_type": 3
            }
          ]
        }
      }
    }
  ],
  "configuration_version": "1"
}